latitude,longitude,zipcode
41.413372,-91.00612,52761
42.324761,-88.452481,60001
42.46617,-88.09995,60002
42.108428,-87.97723,60004
42.069327,-87.98464,60005
41.811929,-87.68732,60006
42.005978,-87.99847,60007
42.07506,-88.02508,60008
41.811929,-87.68732,60009
42.160791,-88.15231,60010
42.322814,-87.610053,60011
42.265643,-88.31664,60012
42.217523,-88.24338,60013
42.226623,-88.33066,60014
42.169325,-87.86556,60015
42.047178,-87.89058,60016
42.028779,-87.894366,60017
42.008429,-87.89234,60018
42.024278,-87.907066,60019
42.409445,-88.17822,60020
42.194946,-88.21676,60021
42.130976,-87.76252,60022
42.07672,-87.81922,60025
41.811929,-87.68732,60026
42.056529,-87.79286,60029
42.338955,-88.03433,60030
42.375821,-87.93517,60031
42.424338,-88.61431,60033
42.468318,-88.43125,60034
42.181875,-87.80956,60035
42.21196,-87.80808,60037
42.097976,-88.014072,60038
42.324761,-88.452481,60039
42.205724,-87.81421,60040
42.372721,-88.15303,60041
42.277691,-88.20074,60042
42.088128,-87.716,60043
42.286222,-87.86309,60044
42.238087,-87.86093,60045
42.410687,-88.05462,60046
42.199957,-88.05859,60047
42.290922,-87.95169,60048
42.198674,-88.041875,60049
42.348406,-88.24769,60050
42.324761,-88.452481,60051
42.041999,-87.78882,60053
42.35344,-88.260692,60054
42.097976,-88.014072,60055
42.065427,-87.93621,60056
42.263623,-88.01172,60060
42.229856,-87.96779,60061
42.124576,-87.84303,60062
42.326072,-87.85202,60064
41.811929,-87.68732,60065
42.10979,-88.04917,60067
42.01183,-87.84158,60068
42.188074,-87.92717,60069
42.105576,-87.92816,60070
42.464639,-88.3028,60071
42.405464,-88.30274,60072
42.366253,-88.09647,60073
42.143819,-88.02546,60074
42.322814,-87.610053,60075
42.03618,-87.7321,60076
42.033313,-87.75764,60077
41.811929,-87.68732,60078
42.322814,-87.610053,60079
42.442519,-88.276047,60080
42.441869,-88.22167,60081
42.116377,-87.812064,60082
42.428187,-87.92935,60083
42.263181,-88.14328,60084
42.361271,-87.86187,60085
42.43335,-87.776595,60086
42.404272,-87.86525,60087
42.312372,-87.85284,60088
42.167638,-87.96393,60089
42.131526,-87.92958,60090
42.077178,-87.72373,60091
42.322814,-87.610053,60092
42.104127,-87.75016,60093
41.811929,-87.68732,60094
41.811929,-87.68732,60095
42.48067,-87.83018,60096
42.384504,-88.3495,60097
42.316121,-88.43884,60098
42.451371,-87.84862,60099
41.931573,-88.00222,60101
42.17315,-88.31849,60102
41.977477,-88.17257,60103
41.882924,-87.87642,60104
41.839679,-88.088716,60105
41.956479,-87.95117,60106
42.023977,-88.17657,60107
41.94954,-88.08256,60108
42.052112,-88.54829,60109
42.121188,-88.27227,60110
41.998231,-88.84223,60111
41.921121,-88.6899,60112
41.93171,-88.96438,60113
41.839679,-88.088716,60114
41.924127,-88.74617,60115
41.839679,-88.088716,60116
41.839679,-88.088716,60117
42.101502,-88.28891,60118
41.876506,-88.46429,60119
42.037176,-88.25922,60120
42.04133,-88.3126,60121
42.067101,-88.304994,60122
42.034776,-88.32393,60123
41.839679,-88.088716,60125
41.89103,-87.94181,60126
41.878878,-88.134469,60127
41.839679,-88.088716,60128
42.034502,-88.97084,60129
41.871331,-87.81235,60130
41.93548,-87.87468,60131
41.839679,-88.088716,60132
41.980896,-88.144475,60133
41.885728,-88.31957,60134
42.10028,-88.6906,60135
42.099479,-88.36942,60136
41.869779,-88.06285,60137
41.839679,-88.088716,60138
41.920228,-88.07891,60139
42.086218,-88.5036,60140
41.858028,-87.83865,60141
42.171973,-88.42891,60142
41.972328,-88.02196,60143
41.936977,-88.420178,60144
42.102014,-88.76647,60145
42.100571,-88.87665,60146
41.936977,-88.420178,60147
41.875429,-88.01723,60148
41.964197,-88.951205,60149
41.933061,-88.88293,60150
41.91842,-88.57626,60151
42.242199,-88.61034,60152
41.880281,-87.84455,60153
41.851257,-87.88351,60154
41.857931,-87.85477,60155
42.185733,-88.348484,60156
41.970628,-88.05606,60157
41.811929,-87.68732,60159
41.89988,-87.85978,60160
41.811929,-87.68732,60161
41.872997,-87.90101,60162
41.886794,-87.91052,60163
41.91823,-87.89627,60164
41.90158,-87.88046,60165
41.811929,-87.68732,60168
42.025776,-88.425931,60170
41.92583,-87.84013,60171
41.980761,-88.08704,60172
42.051927,-88.04814,60173
41.919808,-88.30498,60174
41.944577,-88.38326,60175
41.95683,-87.87193,60176
41.99215,-88.30609,60177
41.990505,-88.68704,60178
42.079336,-88.223655,60179
42.229437,-88.52606,60180
41.880429,-87.97813,60181
41.908736,-88.59915,60182
41.936977,-88.420178,60183
41.953427,-88.25176,60184
41.891978,-88.20502,60185
41.839679,-88.088716,60186
41.858279,-88.10904,60187
41.918578,-88.13688,60188
41.839679,-88.088716,60189
41.875228,-88.15261,60190
41.962979,-87.97688,60191
42.065827,-88.21399,60192
42.01299,-88.09675,60193
42.037108,-88.10719,60194
42.067809,-88.10828,60195
42.056376,-88.072522,60196
41.839679,-88.088716,60197
41.839679,-88.088716,60198
41.839679,-88.088716,60199
42.056391,-87.69684,60201
42.030327,-87.68828,60202
42.048879,-87.7175,60203
41.811929,-87.68732,60204
42.058629,-87.684506,60208
42.04973,-87.679408,60209
41.887981,-87.79562,60301
41.893941,-87.78899,60302
41.811929,-87.68732,60303
41.87355,-87.7885,60304
41.893031,-87.81718,60305
41.882081,-87.821359,60330
41.350484,-87.62408,60401
41.836981,-87.79095,60402
41.656592,-87.68154,60406
41.230524,-88.25503,60407
41.262178,-88.22307,60408
41.614188,-87.54638,60409
41.439518,-88.20898,60410
41.511307,-87.6101,60411
41.811929,-87.68732,60412
41.702482,-87.77869,60415
41.292011,-88.2783,60416
41.439034,-87.61173,60417
41.626839,-87.59865,60419
41.089453,-88.42783,60420
41.429681,-88.10284,60421
41.539384,-87.68424,60422
41.501178,-87.83875,60423
41.174117,-88.30954,60424
41.544584,-87.61289,60425
41.609078,-87.66264,60426
41.574034,-87.67857,60429
41.556734,-87.66464,60430
41.52493,-88.19022,60431
41.533631,-88.05592,60432
41.511644,-88.05698,60433
41.52543,-88.084208,60434
41.54338,-88.11963,60435
41.50798,-88.10553,60436
41.168761,-88.55792,60437
41.565685,-87.54819,60438
41.676028,-87.98258,60439
41.703097,-88.07462,60440
41.598235,-88.02753,60441
41.407474,-87.96883,60442
41.503468,-87.73695,60443
41.243419,-88.40325,60444
41.631683,-87.73309,60445
41.64273,-88.09934,60446
41.473553,-88.29167,60447
41.536782,-87.88582,60448
41.422555,-87.75531,60449
41.370642,-88.40749,60450
41.509231,-87.96475,60451
41.605633,-87.75356,60452
41.715082,-87.7546,60453
41.811929,-87.68732,60454
41.742432,-87.80678,60455
41.730533,-87.73198,60456
41.723782,-87.82825,60457
41.746432,-87.83557,60458
41.744082,-87.77022,60459
41.00148,-88.52981,60460
41.51829,-87.69274,60461
41.623532,-87.83542,60462
41.663548,-87.79148,60463
41.664582,-87.84378,60464
41.699432,-87.82977,60465
41.472934,-87.68767,60466
41.598255,-87.89201,60467
41.331114,-87.79917,60468
41.628034,-87.68694,60469
41.169068,-88.6494,60470
41.483844,-87.72134,60471
41.642933,-87.70814,60472
41.597472,-87.59909,60473
41.173313,-88.27494,60474
41.470084,-87.63369,60475
41.570384,-87.60839,60476
41.5738,-87.80389,60477
41.561134,-87.72398,60478
41.231718,-88.52659,60479
41.737616,-87.87778,60480
41.298186,-88.1464,60481
41.688827,-87.79265,60482
41.684752,-88.14203,60490
41.811929,-87.68732,60499
41.784832,-87.81,60501
41.760067,-88.25218,60504
41.756129,-88.29699,60505
41.766029,-88.35254,60506
41.936977,-88.420178,60507
41.845228,-88.30995,60510
41.75537,-88.54865,60511
41.706034,-88.41296,60512
41.822681,-87.84753,60513
41.779533,-87.95798,60514
41.80348,-88.01827,60515
41.761463,-88.01334,60516
41.75253,-88.04864,60517
41.599139,-88.91932,60518
41.778379,-88.24268,60519
41.776884,-88.64655,60520
41.772915,-87.92996,60521
41.839679,-88.088716,60522
41.837716,-87.96041,60523
41.788536,-87.87605,60525
41.829831,-87.8704,60526
41.839679,-88.088716,60527
41.792378,-88.9516,60530
41.620636,-88.78895,60531
41.789079,-88.08536,60532
41.812331,-87.82318,60534
41.598631,-88.55317,60536
41.56253,-88.59921,60537
41.721886,-88.32972,60538
41.823478,-88.3332,60539
41.764779,-88.14579,60540
41.529433,-88.53552,60541
41.809387,-88.32931,60542
41.684896,-88.34177,60543
41.607624,-88.19736,60544
41.665654,-88.53697,60545
41.836131,-87.82163,60546
41.645393,-88.63052,60548
41.490329,-88.74998,60549
41.769322,-88.86858,60550
41.527585,-88.68292,60551
41.645998,-88.69,60552
41.830628,-89.01704,60553
41.779939,-88.45183,60554
41.82552,-88.19452,60555
41.768498,-88.77539,60556
41.438531,-88.76933,60557
41.805531,-87.90103,60558
41.795358,-87.97778,60559
41.631342,-88.43996,60560
41.745623,-87.98108,60561
41.794885,-88.16188,60563
41.707118,-88.19634,60564
41.728738,-88.12824,60565
41.839679,-88.088716,60566
41.839679,-88.088716,60567
41.935616,-88.43238,60568
41.839679,-88.088716,60570
41.839679,-88.088716,60572
41.839679,-88.088716,60597
41.839679,-88.088716,60598
41.839679,-88.088716,60599
41.886456,-87.62325,60601
41.882937,-87.62874,60602
41.880446,-87.63014,60603
41.877589,-87.62818,60604
41.860019,-87.6187,60605
41.882582,-87.6376,60606
41.875882,-87.65114,60607
41.850532,-87.6699,60608
41.814283,-87.65282,60609
41.898582,-87.6371,60610
41.904667,-87.62504,60611
41.880682,-87.6877,60612
41.953256,-87.6629,60613
41.922682,-87.65432,60614
41.801525,-87.60215,60615
41.8474,-87.63126,60616
41.719973,-87.5557,60617
41.945681,-87.7048,60618
41.744834,-87.60444,60619
41.740483,-87.65282,60620
41.776983,-87.6404,60621
41.900332,-87.66927,60622
41.850232,-87.718,60623
41.879365,-87.72199,60624
41.971614,-87.70256,60625
42.009731,-87.66938,60626
41.695434,-87.62255,60628
41.777482,-87.71155,60629
41.971044,-87.75869,60630
41.99623,-87.81091,60631
41.809299,-87.7105,60632
41.655423,-87.55365,60633
41.944454,-87.79654,60634
41.776633,-87.66854,60636
41.779384,-87.60544,60637
41.787982,-87.7738,60638
41.921431,-87.75415,60639
41.973181,-87.6665,60640
41.946431,-87.74576,60641
41.696433,-87.65993,60643
41.881331,-87.75671,60644
42.008956,-87.69634,60645
41.995331,-87.7601,60646
41.921126,-87.70085,60647
41.335445,-87.785286,60648
41.761734,-87.57072,60649
41.818682,-87.743454,60650
41.901485,-87.74055,60651
41.7446,-87.71188,60652
41.819833,-87.61269,60653
41.888627,-87.63538,60654
41.696283,-87.69912,60655
41.97508,-87.8163,60656
41.940832,-87.65852,60657
41.991381,-87.70378,60659
41.990631,-87.6667,60660
41.882082,-87.64461,60661
41.811929,-87.68732,60663
41.811929,-87.68732,60664
41.811929,-87.68732,60665
41.968029,-87.891214,60666
41.811929,-87.68732,60667
41.811929,-87.68732,60668
41.811929,-87.68732,60669
41.811929,-87.68732,60670
41.811929,-87.68732,60671
41.811929,-87.68732,60672
41.811929,-87.68732,60673
41.811929,-87.68732,60674
41.811929,-87.68732,60675
41.811929,-87.68732,60677
41.811929,-87.68732,60678
41.811929,-87.68732,60679
41.811929,-87.68732,60680
41.811929,-87.68732,60681
41.811929,-87.68732,60683
41.811929,-87.68732,60684
41.811929,-87.68732,60685
41.811929,-87.68732,60687
41.811929,-87.68732,60690
41.811929,-87.68732,60691
41.867532,-87.672553,60692
42.096428,-87.71791,60693
41.811929,-87.68732,60694
41.811929,-87.68732,60697
41.811929,-87.68732,60699
41.811929,-87.68732,60701
41.96418,-87.81686,60706
41.922681,-87.80805,60707
42.005331,-87.73545,60712
42.032379,-87.81563,60714
41.675861,-87.73189,60803
41.844382,-87.7599,60804
41.719933,-87.70249,60805
41.649717,-87.63292,60827
41.114132,-87.86784,60901
41.146464,-87.888971,60902
41.078981,-87.80536,60910
40.883641,-87.9667,60911
40.968579,-87.61611,60912
41.147958,-88.06412,60913
41.170442,-87.86891,60914
41.144256,-87.86239,60915
41.04699,-88.18649,60917
40.598963,-88.03308,60918
40.987824,-88.23737,60919
41.024846,-88.30797,60920
40.757447,-88.29306,60921
41.005603,-87.90649,60922
40.565374,-87.88177,60924
40.572516,-87.81825,60926
40.937573,-87.94105,60927
40.766096,-87.85474,60928
40.873,-88.28676,60929
40.823527,-87.9874,60930
40.876303,-87.60159,60931
40.465251,-87.80112,60932
40.465744,-88.26994,60933
40.966528,-88.34937,60934
41.17569,-88.17268,60935
40.463079,-88.3731,60936
40.767194,-87.98929,60938
40.748087,-87.82876,60939
41.244016,-87.64464,60940
41.05113,-88.08957,60941
40.465869,-87.66766,60942
41.146464,-87.888971,60944
40.827011,-87.58356,60945
40.908942,-88.21304,60946
40.526477,-88.0821,60948
40.375602,-88.11524,60949
41.250408,-87.85125,60950
40.912916,-87.75589,60951
40.562833,-88.25053,60952
40.624025,-87.69618,60953
41.147918,-87.63579,60954
40.706634,-87.99624,60955
40.966993,-87.716074,60956
40.448736,-88.11405,60957
40.779834,-88.18012,60959
40.439688,-87.89016,60960
41.105629,-88.23794,60961
40.625486,-88.18667,60962
40.372447,-87.6603,60963
41.045785,-87.68963,60964
40.762507,-87.57423,60966
40.613942,-87.59259,60967
40.6756,-88.10761,60968
41.109101,-88.14732,60969
40.784447,-87.74051,60970
40.543697,-87.66475,60973
40.710295,-87.73137,60974
42.472458,-90.12098,61001
41.865034,-89.21536,61006
42.199457,-89.59662,61007
42.257229,-88.84755,61008
42.131245,-89.26637,61010
42.376423,-88.9325,61011
42.401104,-88.74726,61012
42.375078,-89.63382,61013
41.97068,-89.87508,61014
41.982993,-89.2128,61015
42.222221,-88.9543,61016
41.902977,-89.804293,61017
42.403305,-89.55466,61018
42.440374,-89.40925,61019
42.101928,-89.09369,61020
41.843702,-89.47636,61021
42.436585,-89.30394,61024
42.483971,-90.58945,61025
42.332038,-89.761171,61027
42.298773,-90.17778,61028
42.119619,-89.58242,61030
41.84036,-89.31176,61031
42.300918,-89.63208,61032
42.400744,-90.39738,61036
41.788761,-89.76182,61037
42.255617,-88.74344,61038
42.213851,-89.47449,61039
42.270426,-90.31077,61041
41.69339,-89.56986,61042
42.045123,-89.313593,61043
42.320303,-89.91237,61044
42.111421,-89.82436,61046
42.139244,-89.3968,61047
42.381064,-89.83062,61048
42.054546,-89.02456,61049
42.4447,-89.72708,61050
41.965904,-89.75896,61051
42.110548,-89.00751,61052
42.1009,-89.98255,61053
42.046139,-89.44025,61054
41.830896,-89.39613,61057
41.797256,-89.599529,61058
42.455036,-89.94561,61059
42.475891,-89.63404,61060
42.00663,-89.33932,61061
42.250987,-89.83571,61062
42.307665,-89.34453,61063
41.989386,-89.59084,61064
42.364394,-88.84665,61065
42.298218,-89.47652,61067
41.935139,-89.06891,61068
42.407384,-89.46228,61070
41.759473,-89.69452,61071
42.447856,-89.08485,61072
42.419097,-89.00407,61073
42.099635,-90.12858,61074
42.473737,-90.25362,61075
42.355422,-89.667939,61076
42.236813,-89.35828,61077
42.15834,-89.73555,61078
42.325364,-89.170527,61079
42.484835,-89.02756,61080
41.813776,-89.70537,61081
42.112207,-89.18633,61084
42.350108,-90.02362,61085
42.491388,-89.98979,61087
42.271385,-89.25099,61088
42.475078,-89.81607,61089
41.905844,-89.54255,61091
42.292221,-89.12574,61101
42.25517,-89.1297,61102
42.303365,-89.08246,61103
42.25537,-89.07602,61104
42.325364,-89.170527,61105
42.325364,-89.170527,61106
42.280019,-89.03347,61107
42.254087,-89.01776,61108
42.213439,-89.05595,61109
42.325364,-89.170527,61110
42.326227,-89.02573,61111
42.245596,-88.97586,61112
42.306666,-89.00839,61114
42.352539,-89.04186,61115
42.325364,-89.170527,61125
42.325364,-89.170527,61126
42.325364,-89.170527,61130
42.325364,-89.170527,61131
42.325364,-89.170527,61132
41.4903,-90.56956,61201
41.466752,-90.58714,61202
41.554901,-90.615975,61204
41.554901,-90.615975,61206
41.766003,-90.22322,61230
41.202461,-90.73137,61231
41.440852,-90.71957,61232
41.292977,-90.29334,61233
41.412944,-89.92236,61234
41.409646,-90.01821,61235
41.518317,-90.35597,61236
41.336752,-90.852226,61237
41.286797,-90.17486,61238
41.497667,-90.39047,61239
41.439784,-90.428,61240
41.483484,-90.34046,61241
41.697188,-90.30177,61242
41.610151,-89.66298,61243
41.518733,-90.41788,61244
41.657803,-90.08613,61250
41.738551,-90.06922,61251
41.863049,-90.14524,61252
41.464473,-90.15854,61254
41.554666,-90.40987,61256
41.590161,-90.20392,61257
41.522044,-89.91216,61258
41.369036,-90.9284,61259
41.228561,-90.87565,61260
41.719782,-89.92116,61261
41.28595,-90.36117,61262
41.260255,-90.60587,61263
41.426583,-90.57639,61264
41.490333,-90.50006,61265
41.554901,-90.615975,61266
41.819003,-89.96623,61270
41.223984,-91.0123,61272
41.357236,-90.38482,61273
41.372408,-90.27031,61274
41.599642,-90.31978,61275
41.30589,-90.5979,61276
41.612038,-89.93036,61277
41.585883,-90.343228,61278
41.31653,-90.70671,61279
41.303101,-90.50615,61281
41.501234,-90.41404,61282
41.605825,-89.77628,61283
41.406276,-90.735,61284
41.978758,-90.09248,61285
41.520333,-90.541585,61299
41.347117,-89.08974,61301
41.707588,-89.34371,61310
41.042878,-88.86268,61311
41.435197,-89.23432,61312
41.064946,-88.66836,61313
41.310471,-89.67662,61314
41.289819,-89.37069,61315
41.261853,-89.12523,61316
41.4276,-89.21243,61317
41.710715,-89.07807,61318
41.011259,-88.74854,61319
41.350864,-89.17366,61320
40.963663,-88.97932,61321
41.321814,-89.3086,61322
41.435327,-89.39583,61323
41.770952,-89.41267,61324
41.234167,-88.82807,61325
41.264159,-89.23655,61326
41.252101,-89.32451,61327
41.504603,-89.46289,61328
41.380259,-89.21239,61329
41.53364,-89.27691,61330
41.747471,-89.27713,61331
41.190024,-88.98238,61332
40.990965,-88.88278,61333
41.144329,-89.08815,61334
41.168946,-89.2205,61335
41.111077,-89.21207,61336
41.427282,-89.36622,61337
41.4547,-89.66966,61338
41.265597,-89.25106,61340
41.336202,-88.69727,61341
41.543149,-89.10696,61342
41.394429,-89.84111,61344
41.280262,-89.79442,61345
41.513879,-89.71842,61346
41.292401,-89.05943,61348
41.543342,-89.44078,61349
41.35263,-88.84734,61350
41.690735,-88.98815,61353
41.330789,-89.1299,61354
41.372528,-89.44315,61356
40.986256,-89.04364,61358
41.363772,-89.26975,61359
41.320345,-88.61017,61360
41.400837,-89.74444,61361
41.332908,-89.20847,61362
41.25645,-89.17901,61363
41.129482,-88.83666,61364
41.638122,-89.26889,61367
41.279825,-89.50492,61368
40.992084,-89.15231,61369
41.21076,-89.03886,61370
41.499089,-89.021881,61371
41.466102,-89.07794,61372
41.37061,-89.0149,61373
41.543813,-89.35449,61374
41.037822,-89.25682,61375
41.546706,-89.60081,61376
41.057649,-89.04788,61377
41.722744,-89.15601,61378
41.369056,-89.60321,61379
40.948073,-90.36871,61401
40.932207,-90.214412,61402
40.802633,-90.39766,61410
40.401282,-90.50153,61411
41.067549,-90.57994,61412
41.189123,-90.36813,61413
41.117342,-90.16063,61414
40.661165,-90.43908,61415
40.496817,-90.56334,61416
40.781504,-90.52901,61417
40.854865,-90.85925,61418
41.200711,-90.11832,61419
40.555678,-90.87087,61420
41.174037,-89.65849,61421
40.550883,-90.51766,61422
40.889288,-90.50529,61423
41.073398,-89.63015,61424
40.778519,-91.05902,61425
41.118359,-89.70575,61426
40.499297,-90.17764,61427
40.952695,-90.12141,61428
40.94399,-90.31205,61430
40.617275,-90.29556,61431
40.642927,-90.17174,61432
40.449305,-90.161761,61433
41.172197,-90.03901,61434
40.972589,-90.54835,61435
40.859964,-90.22212,61436
40.854247,-90.96542,61437
40.579737,-90.64691,61438
41.02572,-90.35566,61439
40.324365,-90.60351,61440
40.337555,-90.30458,61441
41.092081,-90.92743,61442
41.247536,-89.92848,61443
40.867285,-90.75759,61447
40.910079,-90.27171,61448
41.098764,-89.97361,61449
40.567399,-90.97066,61450
40.953365,-89.94259,61451
40.249363,-90.66845,61452
41.010666,-90.75393,61453
40.685436,-91.05207,61454
40.456986,-90.6681,61455
40.553989,-90.355505,61457
40.776079,-90.1938,61458
40.503305,-90.41808,61459
40.734056,-90.82654,61460
40.918849,-90.64466,61462
41.200936,-90.45631,61465
41.100353,-90.46726,61466
41.069414,-90.24177,61467
41.254936,-90.40384,61468
40.957929,-90.93608,61469
40.614899,-90.47345,61470
40.696535,-90.82607,61471
41.105401,-90.38717,61472
40.70595,-90.65724,61473
40.740729,-90.37946,61474
40.581413,-90.7612,61475
41.095037,-90.80998,61476
40.500643,-90.31576,61477
40.777241,-90.76454,61478
40.999497,-89.65429,61479
40.727428,-90.91347,61480
40.368358,-90.42469,61482
41.09638,-89.86649,61483
40.292388,-90.42833,61484
41.025484,-90.08422,61485
41.195087,-90.57923,61486
41.030951,-90.29705,61488
40.929497,-90.01888,61489
41.183299,-90.27637,61490
41.068691,-89.76033,61491
40.234249,-90.32941,61501
40.850381,-89.11878,61516
40.816162,-89.84131,61517
40.744179,-89.718401,61518
40.466397,-90.09632,61519
40.552853,-90.02794,61520
40.914377,-89.50654,61523
40.490965,-90.03285,61524
40.849036,-89.65554,61525
40.936244,-89.62,61526
40.776845,-89.7401,61528
40.780415,-89.95565,61529
40.718228,-89.27153,61530
40.68847,-90.02166,61531
40.35756,-89.82389,61532
40.577778,-89.8297,61533
40.40943,-89.65687,61534
40.590353,-89.54053,61535
40.690205,-89.78042,61536
41.113829,-89.38486,61537
40.558329,-89.76891,61539
41.030697,-89.38586,61540
40.975736,-89.23943,61541
40.39309,-90.13748,61542
40.392048,-89.99885,61543
40.688615,-90.24422,61544
40.873236,-89.37082,61545
40.442037,-89.78797,61546
40.619174,-89.72628,61547
40.784412,-89.40841,61548
40.613788,-89.46031,61550
40.817587,-89.56654,61552
40.449305,-90.161761,61553
40.567088,-89.63382,61554
40.56071,-89.650232,61555
40.554538,-89.609951,61558
40.935608,-89.76802,61559
41.198061,-89.43131,61560
40.795911,-89.19419,61561
40.874269,-89.506695,61562
40.489747,-90.05501,61563
40.49271,-89.65194,61564
41.036199,-89.48336,61565
40.340202,-89.90929,61567
40.513656,-89.47408,61568
40.691022,-89.89138,61569
40.920631,-89.29547,61570
40.701037,-89.44294,61571
40.796752,-90.02866,61572
40.928331,-89.348163,61576
40.288318,-90.429294,61584
39.809913,-88.343237,61593
40.693137,-89.589847,61601
40.677987,-89.60864,61602
40.712887,-89.57904,61603
40.709237,-89.63633,61604
40.678037,-89.62737,61605
40.699137,-89.60972,61606
40.642049,-89.67147,61607
40.643846,-89.59908,61610
40.683387,-89.54493,61611
40.744179,-89.718401,61612
40.742537,-89.627948,61613
40.755343,-89.59799,61614
40.764368,-89.6448,61615
40.743266,-89.576628,61616
40.696287,-89.616648,61625
40.744179,-89.718401,61628
40.692037,-89.588747,61629
40.744179,-89.718401,61630
40.765301,-89.569207,61632
40.731165,-89.603081,61633
40.689637,-89.592597,61634
40.744179,-89.718401,61635
40.699937,-89.595147,61636
40.702487,-89.589797,61637
40.796887,-89.611146,61638
40.709837,-89.563646,61639
40.785653,-89.617657,61640
40.640002,-89.651987,61641
40.744179,-89.718401,61643
40.765301,-89.569207,61644
40.744179,-89.718401,61650
40.744179,-89.718401,61651
40.87671,-89.509113,61652
40.744179,-89.718401,61653
40.744179,-89.718401,61654
40.744179,-89.718401,61655
40.744179,-89.718401,61656
40.582108,-89.128871,61675
40.477286,-88.99592,61701
40.519236,-88.864303,61702
40.459584,-88.96939,61704
40.461431,-88.953015,61709
40.477735,-88.954174,61710
40.553838,-88.5101,61720
40.341123,-89.32028,61721
40.434885,-88.62237,61722
40.256893,-89.25013,61723
40.336763,-88.52604,61724
40.600045,-89.13627,61725
40.740106,-88.70948,61726
40.145501,-88.96776,61727
40.56944,-88.62727,61728
40.619306,-89.22353,61729
40.537652,-88.73274,61730
40.607615,-88.49,61731
40.528515,-89.19057,61732
40.615875,-89.32778,61733
40.369256,-89.54251,61734
40.193547,-88.79575,61735
40.395487,-88.8498,61736
40.450325,-88.72052,61737
40.731662,-89.03978,61738
40.741158,-88.51546,61739
40.882858,-88.85739,61740
40.756972,-88.40479,61741
40.628105,-89.28004,61742
40.877451,-88.7778,61743
40.740729,-88.88791,61744
40.32122,-88.97442,61745
40.422027,-89.42614,61747
40.627948,-88.97711,61748
40.091729,-89.10358,61749
40.122884,-88.85664,61750
40.21927,-89.285172,61751
40.345004,-88.75786,61752
40.63872,-88.7923,61753
40.321811,-89.15864,61754
40.533634,-89.34345,61755
40.027071,-88.96715,61756
40.52835,-88.84075,61758
40.431577,-89.32013,61759
40.893593,-89.03266,61760
40.515485,-88.98629,61761
40.884053,-88.63376,61764
40.564323,-88.898663,61766
40.885397,-88.39957,61769
40.430727,-88.52548,61770
40.738973,-89.13579,61771
40.399689,-89.06088,61772
40.584937,-88.38028,61773
40.426186,-89.2107,61774
40.653799,-88.39026,61775
40.574936,-88.88696,61776
40.240627,-88.96635,61777
40.242378,-89.1087,61778
40.51032,-88.99803,61790
40.519236,-88.864303,61791
40.488468,-88.939637,61799
40.109647,-88.21246,61801
40.121648,-88.17649,61802
40.10593,-88.224669,61803
39.909736,-87.93384,61810
40.293159,-87.61401,61811
40.27363,-87.88919,61812
39.918042,-88.56139,61813
40.231345,-87.58163,61814
40.112616,-88.3708,61815
39.91613,-88.00203,61816
40.059068,-87.70376,61817
39.889596,-88.72633,61818
40.466273,-90.095368,61819
40.114931,-88.24322,61820
40.108631,-88.2733,61821
40.126854,-88.29315,61822
40.139946,-88.196102,61824
40.139946,-88.196102,61825
40.113139,-88.361251,61826
40.020978,-88.72247,61830
40.2159,-87.78418,61831
40.133786,-87.62898,61832
40.096186,-87.64569,61833
40.175463,-87.6124,61834
40.139336,-88.62966,61839
40.310244,-88.30526,61840
40.039632,-87.83052,61841
40.251945,-88.65279,61842
40.313921,-88.3742,61843
40.126299,-87.86871,61844
40.376141,-88.4135,61845
39.97412,-87.63138,61846
40.310063,-88.01922,61847
40.306282,-87.70192,61848
40.028716,-87.9576,61849
39.92804,-87.73629,61850
39.950391,-88.43939,61851
39.901988,-88.07537,61852
40.205916,-88.40295,61853
40.213607,-88.5296,61854
39.919693,-88.67859,61855
40.0334,-88.57375,61856
40.11594,-87.84208,61857
40.121098,-87.74657,61858
40.149486,-87.96347,61859
40.296282,-87.95553,61862
39.907919,-88.27977,61863
39.989282,-88.15174,61864
40.306774,-87.80716,61865
40.307065,-88.15575,61866
39.90241,-87.62722,61870
40.192015,-87.97138,61871
39.945328,-88.36389,61872
40.124202,-88.03401,61873
40.061694,-88.25023,61874
40.107548,-88.42487,61875
39.907331,-87.82587,61876
40.004053,-88.07693,61877
40.243692,-88.17296,61878
39.981936,-88.2532,61880
40.119483,-88.75367,61882
40.040115,-87.63685,61883
40.10311,-88.49744,61884
40.810131,-88.477739,61901
39.676634,-88.30284,61910
39.704391,-88.45985,61911
39.529566,-88.03349,61912
39.809929,-88.45309,61913
39.639487,-88.74383,61914
39.706131,-87.91691,61917
39.783794,-88.13861,61919
39.496547,-88.17348,61920
39.786334,-87.66325,61924
39.719012,-88.82227,61925
39.45274,-88.5144,61928
39.806718,-88.6087,61929
39.685822,-88.11971,61930
39.59477,-88.34792,61931
39.797661,-87.87017,61932
39.556054,-87.92289,61933
39.800512,-88.71835,61936
39.724744,-88.62995,61937
39.474889,-88.37421,61938
39.805101,-87.81014,61940
39.801562,-88.07823,61941
39.802798,-87.99744,61942
39.655063,-88.01806,61943
39.608494,-87.69958,61944
39.646359,-87.86014,61949
39.582494,-88.6021,61951
39.793493,-88.29184,61953
39.679882,-87.750216,61955
39.858506,-88.15018,61956
39.434148,-88.60033,61957
